CREATE TABLE  "REGISTRO DE PRODUCTOS" (
	"CODIGO"	varchar(50),
	"PRODUCTO"	varchar(50),
	"PRECIO_VENTA"	INTEGER
);
CREATE TABLE  "VENTA" (
	"FECHA"	varchar(50),
	"HORA"	varchar(50),
	"BOLETA"	varchar(50),
	"NOMBRE"	varchar(50),
	"RUT"	varchar(50),
	"CODIGO"	varchar(50),
	"CANTIDAD"	INTEGER,
	"PRECIO"	INTEGER,
	"TOTAL"	INTEGER
);
CREATE TABLE  "COMPRA" (
	"FECHA"	varchar(50),
	"HORA"	varchar(50),
	"FACTURA"	varchar(50),
	"NOMBRE"	varchar(50),
	"RUT"	varchar(50),
	"CODIGO"	varchar(50),
	"CANTIDAD"	INTEGER,
	"PRECIO_UNITARIO"	INTEGER,
	"TOTAL"	INTEGER
);
CREATE TABLE  "Entradas" (
	"CODIGO"	varchar(50),
	"ARTICULO"	varchar(50),
	"FECHA"	varchar(50),
	"CANTIDAD"	INTEGER,
	PRIMARY KEY("CODIGO")
);
CREATE TABLE  "PRODUCTOS" (
	"CODIGO"	varchar(50),
	"ARTICULO"	varchar(50),
	"ENTRADAS"	INTEGER,
	"SALIDAS"	INTEGER,
	"STOCK"	INTEGER
);
CREATE TABLE  "Salidas" (
	"CODIGO"	varchar(50),
	"ARTICULO"	varchar(50),
	"FECHA"	varchar(50),
	"CANTIDAD"	INTEGER
);
CREATE TABLE  "UTILIDADES" (
	"CODIGO"	varchar(50),
	"PRODUCTO"	varchar(50),
	"PRECIO_BASE"	INTEGER,
	"MARGEN_DE_GANANCIA"	varchar(50),
	"PRECIO_VENTA"	INTEGER,
	"UTILIDAD"	INTEGER,
	"MARGEN_GANANCIA"	INTEGER
);
INSERT INTO "REGISTRO DE PRODUCTOS" ("CODIGO","PRODUCTO","PRECIO_VENTA") VALUES ('A001','MILO 250 GRS.',2);
INSERT INTO "REGISTRO DE PRODUCTOS" ("CODIGO","PRODUCTO","PRECIO_VENTA") VALUES ('A002','ESPONJAS VIRUTEX',357);
INSERT INTO "REGISTRO DE PRODUCTOS" ("CODIGO","PRODUCTO","PRECIO_VENTA") VALUES ('A003','VINAGRE TRAVERSO',1.692);
INSERT INTO "REGISTRO DE PRODUCTOS" ("CODIGO","PRODUCTO","PRECIO_VENTA") VALUES ('A004','DETERGENTE OMO',2.583);
INSERT INTO "REGISTRO DE PRODUCTOS" ("CODIGO","PRODUCTO","PRECIO_VENTA") VALUES ('A005','LIMPIA VIDRIO',1.714);
INSERT INTO "REGISTRO DE PRODUCTOS" ("CODIGO","PRODUCTO","PRECIO_VENTA") VALUES ('A006','LUSTRA MUEBLE',1.833);
INSERT INTO "REGISTRO DE PRODUCTOS" ("CODIGO","PRODUCTO","PRECIO_VENTA") VALUES ('A007','GUANTES DE GOMA',1.062);
INSERT INTO "REGISTRO DE PRODUCTOS" ("CODIGO","PRODUCTO","PRECIO_VENTA") VALUES ('A008','CLOROX',2.286);
INSERT INTO "REGISTRO DE PRODUCTOS" ("CODIGO","PRODUCTO","PRECIO_VENTA") VALUES ('A009','CLORINDA',2.154);
INSERT INTO "REGISTRO DE PRODUCTOS" ("CODIGO","PRODUCTO","PRECIO_VENTA") VALUES ('A010','SPAGHETTI 5 CAROZZI',1.483);
INSERT INTO "REGISTRO DE PRODUCTOS" ("CODIGO","PRODUCTO","PRECIO_VENTA") VALUES ('A011','ESPIRALES CAROZZI',1.692);
INSERT INTO "REGISTRO DE PRODUCTOS" ("CODIGO","PRODUCTO","PRECIO_VENTA") VALUES ('A012','ATUN TARRO',2);
INSERT INTO "REGISTRO DE PRODUCTOS" ("CODIGO","PRODUCTO","PRECIO_VENTA") VALUES ('A013','HARINA SELECTA',2.462);
INSERT INTO "REGISTRO DE PRODUCTOS" ("CODIGO","PRODUCTO","PRECIO_VENTA") VALUES ('A014','ARROZ MIRAFLORES',2.571);
INSERT INTO "REGISTRO DE PRODUCTOS" ("CODIGO","PRODUCTO","PRECIO_VENTA") VALUES ('A015','AZUCAR 1 KL.',1.846);
INSERT INTO "REGISTRO DE PRODUCTOS" ("CODIGO","PRODUCTO","PRECIO_VENTA") VALUES ('A016','CAFÉ 250 GRS.',3);
INSERT INTO "REGISTRO DE PRODUCTOS" ("CODIGO","PRODUCTO","PRECIO_VENTA") VALUES ('A017','COLA COLA 2 L.',2.571);
INSERT INTO "REGISTRO DE PRODUCTOS" ("CODIGO","PRODUCTO","PRECIO_VENTA") VALUES ('A018','SEVEN UP 2 L.',2.429);
INSERT INTO "REGISTRO DE PRODUCTOS" ("CODIGO","PRODUCTO","PRECIO_VENTA") VALUES ('A019','ACEITE 900 GRS',3);
INSERT INTO "REGISTRO DE PRODUCTOS" ("CODIGO","PRODUCTO","PRECIO_VENTA") VALUES ('A020','MAYONESA 900 GRS',2.714);
INSERT INTO "REGISTRO DE PRODUCTOS" ("CODIGO","PRODUCTO","PRECIO_VENTA") VALUES ('A021','KEPCHUP 900 GRS.',2.571);
INSERT INTO "REGISTRO DE PRODUCTOS" ("CODIGO","PRODUCTO","PRECIO_VENTA") VALUES ('A022','MOSTAZA 250 GRS.',2.154);
INSERT INTO "REGISTRO DE PRODUCTOS" ("CODIGO","PRODUCTO","PRECIO_VENTA") VALUES ('A023','GALLETAS TRITON',1.857);
INSERT INTO "REGISTRO DE PRODUCTOS" ("CODIGO","PRODUCTO","PRECIO_VENTA") VALUES ('A024','CHANCACA',2.071);
INSERT INTO "REGISTRO DE PRODUCTOS" ("CODIGO","PRODUCTO","PRECIO_VENTA") VALUES ('A025','VELAS',1.538);
INSERT INTO "REGISTRO DE PRODUCTOS" ("CODIGO","PRODUCTO","PRECIO_VENTA") VALUES ('A026','FOSFOROS ',917);
INSERT INTO "REGISTRO DE PRODUCTOS" ("CODIGO","PRODUCTO","PRECIO_VENTA") VALUES ('A027','CERA',1.483);
INSERT INTO "REGISTRO DE PRODUCTOS" ("CODIGO","PRODUCTO","PRECIO_VENTA") VALUES ('A028','TÉ CEYLAN',2.571);
INSERT INTO "REGISTRO DE PRODUCTOS" ("CODIGO","PRODUCTO","PRECIO_VENTA") VALUES ('A029','SALSA DE TOMATES',1.15);
INSERT INTO "REGISTRO DE PRODUCTOS" ("CODIGO","PRODUCTO","PRECIO_VENTA") VALUES ('A030','HUEVOS',308);
INSERT INTO "REGISTRO DE PRODUCTOS" ("CODIGO","PRODUCTO","PRECIO_VENTA") VALUES ('A031','FIDEOS CORBATITA',1.65);
INSERT INTO "REGISTRO DE PRODUCTOS" ("CODIGO","PRODUCTO","PRECIO_VENTA") VALUES ('A032','SAL LOBOS',1.857);
INSERT INTO "REGISTRO DE PRODUCTOS" ("CODIGO","PRODUCTO","PRECIO_VENTA") VALUES ('A033','MERMELADA DE MORA',2.214);
INSERT INTO "REGISTRO DE PRODUCTOS" ("CODIGO","PRODUCTO","PRECIO_VENTA") VALUES ('A034','DETERGENTE QUIX',2.538);
INSERT INTO "REGISTRO DE PRODUCTOS" ("CODIGO","PRODUCTO","PRECIO_VENTA") VALUES ('A035','PAN',1.857);
INSERT INTO "REGISTRO DE PRODUCTOS" ("CODIGO","PRODUCTO","PRECIO_VENTA") VALUES ('A036','CERA LIQ. ',1.571);
INSERT INTO "REGISTRO DE PRODUCTOS" ("CODIGO","PRODUCTO","PRECIO_VENTA") VALUES ('A037','MANTEQUILLA',1.857);
INSERT INTO "REGISTRO DE PRODUCTOS" ("CODIGO","PRODUCTO","PRECIO_VENTA") VALUES ('A038','BILZ',1.882);
INSERT INTO "REGISTRO DE PRODUCTOS" ("CODIGO","PRODUCTO","PRECIO_VENTA") VALUES ('A039','PAP',1.882);
INSERT INTO "VENTA" ("FECHA","HORA","BOLETA","NOMBRE","RUT","CODIGO","CANTIDAD","PRECIO","TOTAL") VALUES ('23.03.23','11:00','4356','BERNARDA ARAYA ABALOS','9.838.707-2','A018',1,2.429,NULL);
INSERT INTO "VENTA" ("FECHA","HORA","BOLETA","NOMBRE","RUT","CODIGO","CANTIDAD","PRECIO","TOTAL") VALUES (' ',' ',' ',' ',' ','A015',1,1.846,NULL);
INSERT INTO "VENTA" ("FECHA","HORA","BOLETA","NOMBRE","RUT","CODIGO","CANTIDAD","PRECIO","TOTAL") VALUES ('23.03.23','13:00','4357','ELIA ABARCA OLMO','15.087.819-5','A010',2,1.483,NULL);
INSERT INTO "VENTA" ("FECHA","HORA","BOLETA","NOMBRE","RUT","CODIGO","CANTIDAD","PRECIO","TOTAL") VALUES (NULL,NULL,NULL,NULL,NULL,'A016',1,3,NULL);
INSERT INTO "VENTA" ("FECHA","HORA","BOLETA","NOMBRE","RUT","CODIGO","CANTIDAD","PRECIO","TOTAL") VALUES (NULL,NULL,NULL,NULL,NULL,'A019',1,3,NULL);
INSERT INTO "VENTA" ("FECHA","HORA","BOLETA","NOMBRE","RUT","CODIGO","CANTIDAD","PRECIO","TOTAL") VALUES (NULL,NULL,NULL,NULL,NULL,'A020',1,2.714,NULL);
INSERT INTO "VENTA" ("FECHA","HORA","BOLETA","NOMBRE","RUT","CODIGO","CANTIDAD","PRECIO","TOTAL") VALUES (NULL,NULL,NULL,'JACQUELINE ABAT FAUNDEZ','6.719.078-5',NULL,NULL,NULL,NULL);
INSERT INTO "COMPRA" ("FECHA","HORA","FACTURA","NOMBRE","RUT","CODIGO","CANTIDAD","PRECIO_UNITARIO","TOTAL") VALUES ('20.01.23','15:30','N° 340233','EMPRESAS CAROZZI S.A.','96.591.040-9','A010',20,890,NULL);
INSERT INTO "COMPRA" ("FECHA","HORA","FACTURA","NOMBRE","RUT","CODIGO","CANTIDAD","PRECIO_UNITARIO","TOTAL") VALUES (NULL,NULL,NULL,NULL,NULL,'A011',15,1100,NULL);
INSERT INTO "COMPRA" ("FECHA","HORA","FACTURA","NOMBRE","RUT","CODIGO","CANTIDAD","PRECIO_UNITARIO","TOTAL") VALUES (NULL,NULL,NULL,NULL,NULL,'A013
',10,1600,NULL);
INSERT INTO "COMPRA" ("FECHA","HORA","FACTURA","NOMBRE","RUT","CODIGO","CANTIDAD","PRECIO_UNITARIO","TOTAL") VALUES (NULL,NULL,NULL,NULL,NULL,'A014',30,1800,NULL);
INSERT INTO "COMPRA" ("FECHA","HORA","FACTURA","NOMBRE","RUT","CODIGO","CANTIDAD","PRECIO_UNITARIO","TOTAL") VALUES (NULL,NULL,NULL,NULL,NULL,'A023',15,1300,NULL);
INSERT INTO "COMPRA" ("FECHA","HORA","FACTURA","NOMBRE","RUT","CODIGO","CANTIDAD","PRECIO_UNITARIO","TOTAL") VALUES (NULL,NULL,NULL,NULL,NULL,'A029',25,690,NULL);
INSERT INTO "COMPRA" ("FECHA","HORA","FACTURA","NOMBRE","RUT","CODIGO","CANTIDAD","PRECIO_UNITARIO","TOTAL") VALUES ('20.01.23','11:00','N°690234','EMBOTELLADORA CCU S.A.','99.501.760-1','A018',15,1700,NULL);
INSERT INTO "COMPRA" ("FECHA","HORA","FACTURA","NOMBRE","RUT","CODIGO","CANTIDAD","PRECIO_UNITARIO","TOTAL") VALUES (NULL,NULL,NULL,NULL,NULL,'A038',10,1600,NULL);
INSERT INTO "COMPRA" ("FECHA","HORA","FACTURA","NOMBRE","RUT","CODIGO","CANTIDAD","PRECIO_UNITARIO","TOTAL") VALUES (NULL,NULL,NULL,NULL,NULL,'A039',5,1600,NULL);
INSERT INTO "UTILIDADES" ("CODIGO","PRODUCTO","PRECIO_BASE","MARGEN_DE_GANANCIA","PRECIO_VENTA","UTILIDAD","MARGEN_GANANCIA") VALUES ('A001','MILO 250 GRS.',1300,'35%','',NULL,NULL);
INSERT INTO "UTILIDADES" ("CODIGO","PRODUCTO","PRECIO_BASE","MARGEN_DE_GANANCIA","PRECIO_VENTA","UTILIDAD","MARGEN_GANANCIA") VALUES ('A002','ESPONJAS VIRUTEX',250,'30%',NULL,NULL,NULL);
INSERT INTO "UTILIDADES" ("CODIGO","PRODUCTO","PRECIO_BASE","MARGEN_DE_GANANCIA","PRECIO_VENTA","UTILIDAD","MARGEN_GANANCIA") VALUES ('A003','VINAGRE TRAVERSO',1100,'35%',NULL,NULL,NULL);
INSERT INTO "UTILIDADES" ("CODIGO","PRODUCTO","PRECIO_BASE","MARGEN_DE_GANANCIA","PRECIO_VENTA","UTILIDAD","MARGEN_GANANCIA") VALUES ('A004','DETERGENTE OMO',1550,'40%',NULL,NULL,NULL);
INSERT INTO "UTILIDADES" ("CODIGO","PRODUCTO","PRECIO_BASE","MARGEN_DE_GANANCIA","PRECIO_VENTA","UTILIDAD","MARGEN_GANANCIA") VALUES ('A005','LIMPIA VIDRIO',1200,'30%',NULL,NULL,NULL);
INSERT INTO "UTILIDADES" ("CODIGO","PRODUCTO","PRECIO_BASE","MARGEN_DE_GANANCIA","PRECIO_VENTA","UTILIDAD","MARGEN_GANANCIA") VALUES ('A006','LUSTRA MUEBLE',1100,'40%',NULL,NULL,NULL);
INSERT INTO "UTILIDADES" ("CODIGO","PRODUCTO","PRECIO_BASE","MARGEN_DE_GANANCIA","PRECIO_VENTA","UTILIDAD","MARGEN_GANANCIA") VALUES ('A007','GUANTES DE GOMA',690,'35%',NULL,NULL,NULL);
INSERT INTO "UTILIDADES" ("CODIGO","PRODUCTO","PRECIO_BASE","MARGEN_DE_GANANCIA","PRECIO_VENTA","UTILIDAD","MARGEN_GANANCIA") VALUES ('A008','CLOROX',1600,'30%',NULL,NULL,NULL);
INSERT INTO "UTILIDADES" ("CODIGO","PRODUCTO","PRECIO_BASE","MARGEN_DE_GANANCIA","PRECIO_VENTA","UTILIDAD","MARGEN_GANANCIA") VALUES ('A009','CLORINDA',1400,'35%',NULL,NULL,NULL);
INSERT INTO "UTILIDADES" ("CODIGO","PRODUCTO","PRECIO_BASE","MARGEN_DE_GANANCIA","PRECIO_VENTA","UTILIDAD","MARGEN_GANANCIA") VALUES ('A010','SPAGHETTI 5 CAROZZI',890,'40%',NULL,NULL,NULL);
INSERT INTO "UTILIDADES" ("CODIGO","PRODUCTO","PRECIO_BASE","MARGEN_DE_GANANCIA","PRECIO_VENTA","UTILIDAD","MARGEN_GANANCIA") VALUES ('A011','ESPIRALES CAROZZI',1100,'35%',NULL,NULL,NULL);
INSERT INTO "UTILIDADES" ("CODIGO","PRODUCTO","PRECIO_BASE","MARGEN_DE_GANANCIA","PRECIO_VENTA","UTILIDAD","MARGEN_GANANCIA") VALUES ('A012','ATUN ',1200,'40%',NULL,NULL,NULL);
INSERT INTO "UTILIDADES" ("CODIGO","PRODUCTO","PRECIO_BASE","MARGEN_DE_GANANCIA","PRECIO_VENTA","UTILIDAD","MARGEN_GANANCIA") VALUES ('A013','HARINA SELECTA',1600,'35%',NULL,NULL,NULL);
INSERT INTO "UTILIDADES" ("CODIGO","PRODUCTO","PRECIO_BASE","MARGEN_DE_GANANCIA","PRECIO_VENTA","UTILIDAD","MARGEN_GANANCIA") VALUES ('A014','ARROZ MIRAFLORES',1800,'30%',NULL,NULL,NULL);
INSERT INTO "UTILIDADES" ("CODIGO","PRODUCTO","PRECIO_BASE","MARGEN_DE_GANANCIA","PRECIO_VENTA","UTILIDAD","MARGEN_GANANCIA") VALUES ('A015','AZUCAR 1 KL.',1200,'35%',NULL,NULL,NULL);
INSERT INTO "UTILIDADES" ("CODIGO","PRODUCTO","PRECIO_BASE","MARGEN_DE_GANANCIA","PRECIO_VENTA","UTILIDAD","MARGEN_GANANCIA") VALUES ('A016','CAFÉ 250 GRS.',2100,'30%',NULL,NULL,NULL);
INSERT INTO "UTILIDADES" ("CODIGO","PRODUCTO","PRECIO_BASE","MARGEN_DE_GANANCIA","PRECIO_VENTA","UTILIDAD","MARGEN_GANANCIA") VALUES ('A017','COLA COLA 2 L.',1800,'30%',NULL,NULL,NULL);
INSERT INTO "UTILIDADES" ("CODIGO","PRODUCTO","PRECIO_BASE","MARGEN_DE_GANANCIA","PRECIO_VENTA","UTILIDAD","MARGEN_GANANCIA") VALUES ('A018','SEVEN UP 2 L.',1700,'30%',NULL,NULL,NULL);
INSERT INTO "UTILIDADES" ("CODIGO","PRODUCTO","PRECIO_BASE","MARGEN_DE_GANANCIA","PRECIO_VENTA","UTILIDAD","MARGEN_GANANCIA") VALUES ('A019','ACEITE 900 GRS',1550,'35%',NULL,NULL,NULL);
INSERT INTO "UTILIDADES" ("CODIGO","PRODUCTO","PRECIO_BASE","MARGEN_DE_GANANCIA","PRECIO_VENTA","UTILIDAD","MARGEN_GANANCIA") VALUES ('A020','MAYONESA 900 GRS',1900,'30%',NULL,NULL,NULL);
INSERT INTO "UTILIDADES" ("CODIGO","PRODUCTO","PRECIO_BASE","MARGEN_DE_GANANCIA","PRECIO_VENTA","UTILIDAD","MARGEN_GANANCIA") VALUES ('A021','KEPCHUP 900 GRS.',1800,'30%',NULL,NULL,NULL);
INSERT INTO "UTILIDADES" ("CODIGO","PRODUCTO","PRECIO_BASE","MARGEN_DE_GANANCIA","PRECIO_VENTA","UTILIDAD","MARGEN_GANANCIA") VALUES ('A022','MOSTAZA 250 GRS.',1400,'35%',NULL,NULL,NULL);
INSERT INTO "UTILIDADES" ("CODIGO","PRODUCTO","PRECIO_BASE","MARGEN_DE_GANANCIA","PRECIO_VENTA","UTILIDAD","MARGEN_GANANCIA") VALUES ('A023','GALLETAS TRITON',1300,'30%',NULL,NULL,NULL);
INSERT INTO "UTILIDADES" ("CODIGO","PRODUCTO","PRECIO_BASE","MARGEN_DE_GANANCIA","PRECIO_VENTA","UTILIDAD","MARGEN_GANANCIA") VALUES ('A024','CHANCACA',1450,'30%',NULL,NULL,NULL);
INSERT INTO "UTILIDADES" ("CODIGO","PRODUCTO","PRECIO_BASE","MARGEN_DE_GANANCIA","PRECIO_VENTA","UTILIDAD","MARGEN_GANANCIA") VALUES ('A025','VELAS',1000,'35%',NULL,NULL,NULL);
INSERT INTO "UTILIDADES" ("CODIGO","PRODUCTO","PRECIO_BASE","MARGEN_DE_GANANCIA","PRECIO_VENTA","UTILIDAD","MARGEN_GANANCIA") VALUES ('A026','FOSFOROS ',550,'40%',NULL,NULL,NULL);
INSERT INTO "UTILIDADES" ("CODIGO","PRODUCTO","PRECIO_BASE","MARGEN_DE_GANANCIA","PRECIO_VENTA","UTILIDAD","MARGEN_GANANCIA") VALUES ('A027','CERA',890,'40%',NULL,NULL,NULL);
INSERT INTO "UTILIDADES" ("CODIGO","PRODUCTO","PRECIO_BASE","MARGEN_DE_GANANCIA","PRECIO_VENTA","UTILIDAD","MARGEN_GANANCIA") VALUES ('A028','TÉ CEYLAN',1800,'30%',NULL,NULL,NULL);
INSERT INTO "UTILIDADES" ("CODIGO","PRODUCTO","PRECIO_BASE","MARGEN_DE_GANANCIA","PRECIO_VENTA","UTILIDAD","MARGEN_GANANCIA") VALUES ('A029','SALSA DE TOMATES',690,'40%',NULL,NULL,NULL);
INSERT INTO "UTILIDADES" ("CODIGO","PRODUCTO","PRECIO_BASE","MARGEN_DE_GANANCIA","PRECIO_VENTA","UTILIDAD","MARGEN_GANANCIA") VALUES ('A030','HUEVOS',200,'35%',NULL,NULL,NULL);
INSERT INTO "UTILIDADES" ("CODIGO","PRODUCTO","PRECIO_BASE","MARGEN_DE_GANANCIA","PRECIO_VENTA","UTILIDAD","MARGEN_GANANCIA") VALUES ('A031','FIDEOS CORBATITA
',990,'40%',NULL,NULL,NULL);
INSERT INTO "UTILIDADES" ("CODIGO","PRODUCTO","PRECIO_BASE","MARGEN_DE_GANANCIA","PRECIO_VENTA","UTILIDAD","MARGEN_GANANCIA") VALUES ('A032','SAL LOBOS
',1300,'30%',NULL,NULL,NULL);
INSERT INTO "UTILIDADES" ("CODIGO","PRODUCTO","PRECIO_BASE","MARGEN_DE_GANANCIA","PRECIO_VENTA","UTILIDAD","MARGEN_GANANCIA") VALUES ('A033','MERMELADA DE MORA',1550,'30%',NULL,NULL,NULL);
INSERT INTO "UTILIDADES" ("CODIGO","PRODUCTO","PRECIO_BASE","MARGEN_DE_GANANCIA","PRECIO_VENTA","UTILIDAD","MARGEN_GANANCIA") VALUES ('A034','DETERGENTE QUIX',1650,'35%',NULL,NULL,NULL);
INSERT INTO "UTILIDADES" ("CODIGO","PRODUCTO","PRECIO_BASE","MARGEN_DE_GANANCIA","PRECIO_VENTA","UTILIDAD","MARGEN_GANANCIA") VALUES ('A035','PAN',1300,'30%',NULL,NULL,NULL);
INSERT INTO "UTILIDADES" ("CODIGO","PRODUCTO","PRECIO_BASE","MARGEN_DE_GANANCIA","PRECIO_VENTA","UTILIDAD","MARGEN_GANANCIA") VALUES ('A036','CERA LIQ. 
',1100,'30%',NULL,NULL,NULL);
INSERT INTO "UTILIDADES" ("CODIGO","PRODUCTO","PRECIO_BASE","MARGEN_DE_GANANCIA","PRECIO_VENTA","UTILIDAD","MARGEN_GANANCIA") VALUES ('A037','MANTEQUILLA',1300,'30%',NULL,NULL,NULL);
INSERT INTO "UTILIDADES" ("CODIGO","PRODUCTO","PRECIO_BASE","MARGEN_DE_GANANCIA","PRECIO_VENTA","UTILIDAD","MARGEN_GANANCIA") VALUES ('A038','BILZ',1600,'15%',NULL,NULL,NULL);
INSERT INTO "UTILIDADES" ("CODIGO","PRODUCTO","PRECIO_BASE","MARGEN_DE_GANANCIA","PRECIO_VENTA","UTILIDAD","MARGEN_GANANCIA") VALUES ('A039','PAP',1600,'15%',NULL,NULL,NULL);
INSERT INTO "Entradas" ("CODIGO","ARTICULO","FECHA","CANTIDAD") VALUES ('A001','MILO 250 GRS.','1/1/2023',20);
INSERT INTO "Entradas" ("CODIGO","ARTICULO","FECHA","CANTIDAD") VALUES ('A002','ESPONJAS VIRUTEX','1/1/2023',10);
INSERT INTO "Entradas" ("CODIGO","ARTICULO","FECHA","CANTIDAD") VALUES ('A003','VINAGRE TRAVERSO','1/1/2023',5);
INSERT INTO "Entradas" ("CODIGO","ARTICULO","FECHA","CANTIDAD") VALUES ('A004','DETERGENTE OMO','1/1/2023',6);
INSERT INTO "Entradas" ("CODIGO","ARTICULO","FECHA","CANTIDAD") VALUES ('A005','LIMPIA VIDRIO','1/1/2023',7);
INSERT INTO "Entradas" ("CODIGO","ARTICULO","FECHA","CANTIDAD") VALUES ('A006','LUSTRA MUEBLE','1/1/2023',4);
INSERT INTO "Entradas" ("CODIGO","ARTICULO","FECHA","CANTIDAD") VALUES ('A007','GUANTES DE GOMA','1/1/2023',5);
INSERT INTO "Entradas" ("CODIGO","ARTICULO","FECHA","CANTIDAD") VALUES ('A008','CLOROX','1/1/2023',6);
INSERT INTO "PRODUCTOS" ("CODIGO","ARTICULO","ENTRADAS","SALIDAS","STOCK") VALUES ('A001','MILO 250 GRS.',10,2,18);
INSERT INTO "PRODUCTOS" ("CODIGO","ARTICULO","ENTRADAS","SALIDAS","STOCK") VALUES ('A002','ESPONJAS VIRUTEX',20,3,7);
INSERT INTO "PRODUCTOS" ("CODIGO","ARTICULO","ENTRADAS","SALIDAS","STOCK") VALUES ('A003','VINAGRE TRAVERSO',5,2,3);
INSERT INTO "PRODUCTOS" ("CODIGO","ARTICULO","ENTRADAS","SALIDAS","STOCK") VALUES ('A004','DETERGENTE OMO',6,2,4);
INSERT INTO "PRODUCTOS" ("CODIGO","ARTICULO","ENTRADAS","SALIDAS","STOCK") VALUES ('A005','LIMPIA VIDRIO',7,1,6);
INSERT INTO "PRODUCTOS" ("CODIGO","ARTICULO","ENTRADAS","SALIDAS","STOCK") VALUES ('A006','LUSTRA MUEBLE',4,1,3);
INSERT INTO "PRODUCTOS" ("CODIGO","ARTICULO","ENTRADAS","SALIDAS","STOCK") VALUES ('A007','GUANTES DE GOMA',5,0,5);
INSERT INTO "PRODUCTOS" ("CODIGO","ARTICULO","ENTRADAS","SALIDAS","STOCK") VALUES ('A008','CLOROX',6,0,6);
INSERT INTO "Salidas" ("CODIGO","ARTICULO","FECHA","CANTIDAD") VALUES ('A001','MILO 250 GRS.','2/1/2023',2);
INSERT INTO "Salidas" ("CODIGO","ARTICULO","FECHA","CANTIDAD") VALUES ('A002','ESPONJAS VIRUTEX',NULL,3);
INSERT INTO "Salidas" ("CODIGO","ARTICULO","FECHA","CANTIDAD") VALUES ('A003','VINAGRE TRAVERSO',NULL,2);
INSERT INTO "Salidas" ("CODIGO","ARTICULO","FECHA","CANTIDAD") VALUES ('A004','DETERGENTE OMO',NULL,2);
INSERT INTO "Salidas" ("CODIGO","ARTICULO","FECHA","CANTIDAD") VALUES ('A005','LIMPIA VIDRIO',NULL,1);
INSERT INTO "Salidas" ("CODIGO","ARTICULO","FECHA","CANTIDAD") VALUES ('A006','LUSTRA MUEBLE',NULL,1);
INSERT INTO "Salidas" ("CODIGO","ARTICULO","FECHA","CANTIDAD") VALUES ('A007','GUANTES DE GOMA',NULL,NULL);
INSERT INTO "Salidas" ("CODIGO","ARTICULO","FECHA","CANTIDAD") VALUES ('A008','CLOROX',NULL,NULL);
COMMIT;
